SEN,Kor
227,우회전 차내리다
228,우회전 차내리다
229,좌회전 차내리다
230,좌회전 차내리다
233,지름길 차내리다
234,지름길 차내리다
235,지름길 내리다
236,지름길 내리다
359,여기 내리다 맞다
362,여기 내리다 맞다
418,명동 차내리다
419,명동 차내리다
426,여기 내리다 맞다
427,여기 내리다 맞다
430,여기 내리다 맞다
431,여기 내리다 맞다
436,신호등 전 차내리다
437,신호등 전 차내리다
446,신호등 다음 차내리다
447,신호등 다음 차내리다
623,지름길 차내리다 가다
624,지름길 차내리다 가다
630,지름길 가다 차내리다
635,명동 차내리다
636,명동 차내리다
663,지름길 차내리다 가다
664,지름길 차내리다 가다
670,지름길 가다 차내리다
753,버스 곳 차내리다 맞다
754,버스 곳 차내리다 맞다
757,버스 곳 차내리다 맞다
758,버스 곳 차내리다 맞다
762,건너다 차내리다
763,건너다 차내리다
771,시청 내리다
772,시청 내리다
773,시청 차내리다
774,시청 차내리다
815,버스 곳 차내리다 맞다
816,버스 곳 차내리다 맞다
819,버스 곳 차내리다 맞다
820,버스 곳 차내리다 맞다
824,건너다 차내리다
825,건너다 차내리다
1189,버스 전 곳 저기 내리다
1190,버스 전 곳 저기 내리다
1193,버스 전 곳 저기 도착 내리다
1194,버스 전 곳 저기 도착 내리다
1199,버스 곳 전 보다 차내리다
1200,버스 곳 전 보다 차내리다
1203,버스 전 곳 보다 차내리다
1204,버스 전 곳 보다 차내리다
1364,송파 지하철 곳 방법 무엇
1366,송파 지하철 목적 방법 무엇
1369,송파 지하철 찾다 방법 무엇
1370,송파 지하철 곳 무엇 방법
1372,송파 지하철 목적 무엇 방법
1377,송파 지하철 곳 목적 무엇
1380,송파 지하철 찾다 목적 무엇
1382,송파 지하철 길 목적 방법
