Filename,Kor
NIA_SL_SEN0227_REAL01_F,우회전 차내리다
NIA_SL_SEN0227_REAL02_F,우회전 차내리다
NIA_SL_SEN0227_REAL03_F,우회전 차내리다
NIA_SL_SEN0227_REAL04_F,우회전 차내리다
NIA_SL_SEN0227_REAL05_F,우회전 차내리다
NIA_SL_SEN0227_REAL10_F,우회전 차내리다
NIA_SL_SEN0227_REAL11_F,우회전 차내리다
NIA_SL_SEN0227_REAL12_F,우회전 차내리다
NIA_SL_SEN0227_REAL13_F,우회전 차내리다
NIA_SL_SEN0227_REAL14_F,우회전 차내리다
NIA_SL_SEN0227_REAL15_F,우회전 차내리다
NIA_SL_SEN0228_REAL01_F,우회전 차내리다
NIA_SL_SEN0228_REAL02_F,우회전 차내리다
NIA_SL_SEN0228_REAL03_F,우회전 차내리다
NIA_SL_SEN0228_REAL04_F,우회전 차내리다
NIA_SL_SEN0228_REAL05_F,우회전 차내리다
NIA_SL_SEN0228_REAL10_F,우회전 차내리다
NIA_SL_SEN0228_REAL11_F,우회전 차내리다
NIA_SL_SEN0228_REAL12_F,우회전 차내리다
NIA_SL_SEN0228_REAL13_F,우회전 차내리다
NIA_SL_SEN0228_REAL14_F,우회전 차내리다
NIA_SL_SEN0228_REAL15_F,우회전 차내리다
NIA_SL_SEN0229_REAL01_F,좌회전 차내리다
NIA_SL_SEN0229_REAL02_F,좌회전 차내리다
NIA_SL_SEN0229_REAL03_F,좌회전 차내리다
NIA_SL_SEN0229_REAL04_F,좌회전 차내리다
NIA_SL_SEN0229_REAL05_F,좌회전 차내리다
NIA_SL_SEN0229_REAL10_F,좌회전 차내리다
NIA_SL_SEN0229_REAL11_F,좌회전 차내리다
NIA_SL_SEN0229_REAL12_F,좌회전 차내리다
NIA_SL_SEN0229_REAL13_F,좌회전 차내리다
NIA_SL_SEN0229_REAL14_F,좌회전 차내리다
NIA_SL_SEN0229_REAL15_F,좌회전 차내리다
NIA_SL_SEN0230_REAL01_F,좌회전 차내리다
NIA_SL_SEN0230_REAL02_F,좌회전 차내리다
NIA_SL_SEN0230_REAL03_F,좌회전 차내리다
NIA_SL_SEN0230_REAL04_F,좌회전 차내리다
NIA_SL_SEN0230_REAL05_F,좌회전 차내리다
NIA_SL_SEN0230_REAL10_F,좌회전 차내리다
NIA_SL_SEN0230_REAL11_F,좌회전 차내리다
NIA_SL_SEN0230_REAL12_F,좌회전 차내리다
NIA_SL_SEN0230_REAL13_F,좌회전 차내리다
NIA_SL_SEN0230_REAL14_F,좌회전 차내리다
NIA_SL_SEN0230_REAL15_F,좌회전 차내리다
NIA_SL_SEN0233_REAL01_F,지름길 차내리다
NIA_SL_SEN0233_REAL02_F,지름길 차내리다
NIA_SL_SEN0233_REAL03_F,지름길 차내리다
NIA_SL_SEN0233_REAL04_F,지름길 차내리다
NIA_SL_SEN0233_REAL05_F,지름길 차내리다
NIA_SL_SEN0233_REAL10_F,지름길 차내리다
NIA_SL_SEN0233_REAL11_F,지름길 차내리다
NIA_SL_SEN0233_REAL12_F,지름길 차내리다
NIA_SL_SEN0233_REAL13_F,지름길 차내리다
NIA_SL_SEN0233_REAL14_F,지름길 차내리다
NIA_SL_SEN0233_REAL15_F,지름길 차내리다
NIA_SL_SEN0234_REAL01_F,지름길 차내리다
NIA_SL_SEN0234_REAL02_F,지름길 차내리다
NIA_SL_SEN0234_REAL03_F,지름길 차내리다
NIA_SL_SEN0234_REAL04_F,지름길 차내리다
NIA_SL_SEN0234_REAL05_F,지름길 차내리다
NIA_SL_SEN0234_REAL10_F,지름길 차내리다
NIA_SL_SEN0234_REAL11_F,지름길 차내리다
NIA_SL_SEN0234_REAL12_F,지름길 차내리다
NIA_SL_SEN0234_REAL13_F,지름길 차내리다
NIA_SL_SEN0234_REAL14_F,지름길 차내리다
NIA_SL_SEN0234_REAL15_F,지름길 차내리다
NIA_SL_SEN0235_REAL01_F,지름길 내리다
NIA_SL_SEN0235_REAL02_F,지름길 내리다
NIA_SL_SEN0235_REAL03_F,지름길 내리다
NIA_SL_SEN0235_REAL04_F,지름길 내리다
NIA_SL_SEN0235_REAL05_F,지름길 내리다
NIA_SL_SEN0235_REAL10_F,지름길 내리다
NIA_SL_SEN0235_REAL11_F,지름길 내리다
NIA_SL_SEN0235_REAL12_F,지름길 내리다
NIA_SL_SEN0235_REAL13_F,지름길 내리다
NIA_SL_SEN0235_REAL14_F,지름길 내리다
NIA_SL_SEN0235_REAL15_F,지름길 내리다
NIA_SL_SEN0236_REAL01_F,지름길 내리다
NIA_SL_SEN0236_REAL02_F,지름길 내리다
NIA_SL_SEN0236_REAL03_F,지름길 내리다
NIA_SL_SEN0236_REAL04_F,지름길 내리다
NIA_SL_SEN0236_REAL05_F,지름길 내리다
NIA_SL_SEN0236_REAL10_F,지름길 내리다
NIA_SL_SEN0236_REAL11_F,지름길 내리다
NIA_SL_SEN0236_REAL12_F,지름길 내리다
NIA_SL_SEN0236_REAL13_F,지름길 내리다
NIA_SL_SEN0236_REAL14_F,지름길 내리다
NIA_SL_SEN0236_REAL15_F,지름길 내리다
NIA_SL_SEN0359_REAL01_F,여기 내리다 맞다
NIA_SL_SEN0359_REAL02_F,여기 내리다 맞다
NIA_SL_SEN0359_REAL03_F,여기 내리다 맞다
NIA_SL_SEN0359_REAL04_F,여기 내리다 맞다
NIA_SL_SEN0359_REAL05_F,여기 내리다 맞다
NIA_SL_SEN0359_REAL10_F,여기 내리다 맞다
NIA_SL_SEN0359_REAL11_F,여기 내리다 맞다
NIA_SL_SEN0359_REAL12_F,여기 내리다 맞다
NIA_SL_SEN0359_REAL13_F,여기 내리다 맞다
NIA_SL_SEN0359_REAL14_F,여기 내리다 맞다
NIA_SL_SEN0359_REAL15_F,여기 내리다 맞다
NIA_SL_SEN0362_REAL01_F,여기 내리다 맞다
NIA_SL_SEN0362_REAL02_F,여기 내리다 맞다
NIA_SL_SEN0362_REAL03_F,여기 내리다 맞다
NIA_SL_SEN0362_REAL04_F,여기 내리다 맞다
NIA_SL_SEN0362_REAL05_F,여기 내리다 맞다
NIA_SL_SEN0362_REAL10_F,여기 내리다 맞다
NIA_SL_SEN0362_REAL11_F,여기 내리다 맞다
NIA_SL_SEN0362_REAL12_F,여기 내리다 맞다
NIA_SL_SEN0362_REAL13_F,여기 내리다 맞다
NIA_SL_SEN0362_REAL14_F,여기 내리다 맞다
NIA_SL_SEN0362_REAL15_F,여기 내리다 맞다
NIA_SL_SEN0418_REAL01_F,명동 차내리다
NIA_SL_SEN0418_REAL02_F,명동 차내리다
NIA_SL_SEN0418_REAL03_F,명동 차내리다
NIA_SL_SEN0418_REAL04_F,명동 차내리다
NIA_SL_SEN0418_REAL05_F,명동 차내리다
NIA_SL_SEN0418_REAL10_F,명동 차내리다
NIA_SL_SEN0418_REAL11_F,명동 차내리다
NIA_SL_SEN0418_REAL12_F,명동 차내리다
NIA_SL_SEN0418_REAL13_F,명동 차내리다
NIA_SL_SEN0418_REAL14_F,명동 차내리다
NIA_SL_SEN0418_REAL15_F,명동 차내리다
NIA_SL_SEN0419_REAL01_F,명동 차내리다
NIA_SL_SEN0419_REAL02_F,명동 차내리다
NIA_SL_SEN0419_REAL03_F,명동 차내리다
NIA_SL_SEN0419_REAL04_F,명동 차내리다
NIA_SL_SEN0419_REAL05_F,명동 차내리다
NIA_SL_SEN0419_REAL10_F,명동 차내리다
NIA_SL_SEN0419_REAL11_F,명동 차내리다
NIA_SL_SEN0419_REAL12_F,명동 차내리다
NIA_SL_SEN0419_REAL13_F,명동 차내리다
NIA_SL_SEN0419_REAL14_F,명동 차내리다
NIA_SL_SEN0419_REAL15_F,명동 차내리다
NIA_SL_SEN0426_REAL01_F,여기 내리다 맞다
NIA_SL_SEN0426_REAL02_F,여기 내리다 맞다
NIA_SL_SEN0426_REAL03_F,여기 내리다 맞다
NIA_SL_SEN0426_REAL04_F,여기 내리다 맞다
NIA_SL_SEN0426_REAL05_F,여기 내리다 맞다
NIA_SL_SEN0426_REAL10_F,여기 내리다 맞다
NIA_SL_SEN0426_REAL11_F,여기 내리다 맞다
NIA_SL_SEN0426_REAL12_F,여기 내리다 맞다
NIA_SL_SEN0426_REAL13_F,여기 내리다 맞다
NIA_SL_SEN0426_REAL14_F,여기 내리다 맞다
NIA_SL_SEN0426_REAL15_F,여기 내리다 맞다
NIA_SL_SEN0427_REAL01_F,여기 내리다 맞다
NIA_SL_SEN0427_REAL02_F,여기 내리다 맞다
NIA_SL_SEN0427_REAL03_F,여기 내리다 맞다
NIA_SL_SEN0427_REAL04_F,여기 내리다 맞다
NIA_SL_SEN0427_REAL05_F,여기 내리다 맞다
NIA_SL_SEN0427_REAL10_F,여기 내리다 맞다
NIA_SL_SEN0427_REAL11_F,여기 내리다 맞다
NIA_SL_SEN0427_REAL12_F,여기 내리다 맞다
NIA_SL_SEN0427_REAL13_F,여기 내리다 맞다
NIA_SL_SEN0427_REAL14_F,여기 내리다 맞다
NIA_SL_SEN0427_REAL15_F,여기 내리다 맞다
NIA_SL_SEN0430_REAL01_F,여기 내리다 맞다
NIA_SL_SEN0430_REAL02_F,여기 내리다 맞다
NIA_SL_SEN0430_REAL03_F,여기 내리다 맞다
NIA_SL_SEN0430_REAL04_F,여기 내리다 맞다
NIA_SL_SEN0430_REAL05_F,여기 내리다 맞다
NIA_SL_SEN0430_REAL10_F,여기 내리다 맞다
NIA_SL_SEN0430_REAL11_F,여기 내리다 맞다
NIA_SL_SEN0430_REAL12_F,여기 내리다 맞다
NIA_SL_SEN0430_REAL13_F,여기 내리다 맞다
NIA_SL_SEN0430_REAL14_F,여기 내리다 맞다
NIA_SL_SEN0430_REAL15_F,여기 내리다 맞다
NIA_SL_SEN0431_REAL01_F,여기 내리다 맞다
NIA_SL_SEN0431_REAL02_F,여기 내리다 맞다
NIA_SL_SEN0431_REAL03_F,여기 내리다 맞다
NIA_SL_SEN0431_REAL04_F,여기 내리다 맞다
NIA_SL_SEN0431_REAL05_F,여기 내리다 맞다
NIA_SL_SEN0431_REAL10_F,여기 내리다 맞다
NIA_SL_SEN0431_REAL11_F,여기 내리다 맞다
NIA_SL_SEN0431_REAL12_F,여기 내리다 맞다
NIA_SL_SEN0431_REAL13_F,여기 내리다 맞다
NIA_SL_SEN0431_REAL14_F,여기 내리다 맞다
NIA_SL_SEN0431_REAL15_F,여기 내리다 맞다
NIA_SL_SEN0436_REAL01_F,신호등 전 차내리다
NIA_SL_SEN0436_REAL02_F,신호등 전 차내리다
NIA_SL_SEN0436_REAL03_F,신호등 전 차내리다
NIA_SL_SEN0436_REAL04_F,신호등 전 차내리다
NIA_SL_SEN0436_REAL05_F,신호등 전 차내리다
NIA_SL_SEN0436_REAL10_F,신호등 전 차내리다
NIA_SL_SEN0436_REAL11_F,신호등 전 차내리다
NIA_SL_SEN0436_REAL12_F,신호등 전 차내리다
NIA_SL_SEN0436_REAL13_F,신호등 전 차내리다
NIA_SL_SEN0436_REAL14_F,신호등 전 차내리다
NIA_SL_SEN0436_REAL15_F,신호등 전 차내리다
NIA_SL_SEN0437_REAL01_F,신호등 전 차내리다
NIA_SL_SEN0437_REAL02_F,신호등 전 차내리다
NIA_SL_SEN0437_REAL03_F,신호등 전 차내리다
NIA_SL_SEN0437_REAL04_F,신호등 전 차내리다
NIA_SL_SEN0437_REAL05_F,신호등 전 차내리다
NIA_SL_SEN0437_REAL10_F,신호등 전 차내리다
NIA_SL_SEN0437_REAL11_F,신호등 전 차내리다
NIA_SL_SEN0437_REAL12_F,신호등 전 차내리다
NIA_SL_SEN0437_REAL13_F,신호등 전 차내리다
NIA_SL_SEN0437_REAL14_F,신호등 전 차내리다
NIA_SL_SEN0437_REAL15_F,신호등 전 차내리다
NIA_SL_SEN0446_REAL01_F,신호등 다음 차내리다
NIA_SL_SEN0446_REAL02_F,신호등 다음 차내리다
NIA_SL_SEN0446_REAL03_F,신호등 다음 차내리다
NIA_SL_SEN0446_REAL04_F,신호등 다음 차내리다
NIA_SL_SEN0446_REAL05_F,신호등 다음 차내리다
NIA_SL_SEN0446_REAL10_F,신호등 다음 차내리다
NIA_SL_SEN0446_REAL11_F,신호등 다음 차내리다
NIA_SL_SEN0446_REAL12_F,신호등 다음 차내리다
NIA_SL_SEN0446_REAL13_F,신호등 다음 차내리다
NIA_SL_SEN0446_REAL14_F,신호등 다음 차내리다
NIA_SL_SEN0446_REAL15_F,신호등 다음 차내리다
NIA_SL_SEN0447_REAL01_F,신호등 다음 차내리다
NIA_SL_SEN0447_REAL02_F,신호등 다음 차내리다
NIA_SL_SEN0447_REAL03_F,신호등 다음 차내리다
NIA_SL_SEN0447_REAL04_F,신호등 다음 차내리다
NIA_SL_SEN0447_REAL05_F,신호등 다음 차내리다
NIA_SL_SEN0447_REAL10_F,신호등 다음 차내리다
NIA_SL_SEN0447_REAL11_F,신호등 다음 차내리다
NIA_SL_SEN0447_REAL12_F,신호등 다음 차내리다
NIA_SL_SEN0447_REAL13_F,신호등 다음 차내리다
NIA_SL_SEN0447_REAL14_F,신호등 다음 차내리다
NIA_SL_SEN0447_REAL15_F,신호등 다음 차내리다
NIA_SL_SEN0623_REAL01_F,지름길 차내리다 가다
NIA_SL_SEN0623_REAL02_F,지름길 차내리다 가다
NIA_SL_SEN0623_REAL03_F,지름길 차내리다 가다
NIA_SL_SEN0623_REAL04_F,지름길 차내리다 가다
NIA_SL_SEN0623_REAL05_F,지름길 차내리다 가다
NIA_SL_SEN0623_REAL10_F,지름길 차내리다 가다
NIA_SL_SEN0623_REAL11_F,지름길 차내리다 가다
NIA_SL_SEN0623_REAL12_F,지름길 차내리다 가다
NIA_SL_SEN0623_REAL13_F,지름길 차내리다 가다
NIA_SL_SEN0623_REAL14_F,지름길 차내리다 가다
NIA_SL_SEN0623_REAL15_F,지름길 차내리다 가다
NIA_SL_SEN0624_REAL01_F,지름길 차내리다 가다
NIA_SL_SEN0624_REAL02_F,지름길 차내리다 가다
NIA_SL_SEN0624_REAL03_F,지름길 차내리다 가다
NIA_SL_SEN0624_REAL04_F,지름길 차내리다 가다
NIA_SL_SEN0624_REAL05_F,지름길 차내리다 가다
NIA_SL_SEN0624_REAL10_F,지름길 차내리다 가다
NIA_SL_SEN0624_REAL11_F,지름길 차내리다 가다
NIA_SL_SEN0624_REAL12_F,지름길 차내리다 가다
NIA_SL_SEN0624_REAL13_F,지름길 차내리다 가다
NIA_SL_SEN0624_REAL14_F,지름길 차내리다 가다
NIA_SL_SEN0624_REAL15_F,지름길 차내리다 가다
NIA_SL_SEN0630_REAL01_F,지름길 가다 차내리다
NIA_SL_SEN0630_REAL02_F,지름길 가다 차내리다
NIA_SL_SEN0630_REAL03_F,지름길 가다 차내리다
NIA_SL_SEN0630_REAL04_F,지름길 가다 차내리다
NIA_SL_SEN0630_REAL05_F,지름길 가다 차내리다
NIA_SL_SEN0630_REAL10_F,지름길 가다 차내리다
NIA_SL_SEN0630_REAL11_F,지름길 가다 차내리다
NIA_SL_SEN0630_REAL12_F,지름길 가다 차내리다
NIA_SL_SEN0630_REAL13_F,지름길 가다 차내리다
NIA_SL_SEN0630_REAL14_F,지름길 가다 차내리다
NIA_SL_SEN0630_REAL15_F,지름길 가다 차내리다
NIA_SL_SEN0635_REAL01_F,명동 차내리다
NIA_SL_SEN0635_REAL02_F,명동 차내리다
NIA_SL_SEN0635_REAL03_F,명동 차내리다
NIA_SL_SEN0635_REAL04_F,명동 차내리다
NIA_SL_SEN0635_REAL05_F,명동 차내리다
NIA_SL_SEN0635_REAL10_F,명동 차내리다
NIA_SL_SEN0635_REAL11_F,명동 차내리다
NIA_SL_SEN0635_REAL12_F,명동 차내리다
NIA_SL_SEN0635_REAL13_F,명동 차내리다
NIA_SL_SEN0635_REAL14_F,명동 차내리다
NIA_SL_SEN0635_REAL15_F,명동 차내리다
NIA_SL_SEN0636_REAL01_F,명동 차내리다
NIA_SL_SEN0636_REAL02_F,명동 차내리다
NIA_SL_SEN0636_REAL03_F,명동 차내리다
NIA_SL_SEN0636_REAL04_F,명동 차내리다
NIA_SL_SEN0636_REAL05_F,명동 차내리다
NIA_SL_SEN0636_REAL10_F,명동 차내리다
NIA_SL_SEN0636_REAL11_F,명동 차내리다
NIA_SL_SEN0636_REAL12_F,명동 차내리다
NIA_SL_SEN0636_REAL13_F,명동 차내리다
NIA_SL_SEN0636_REAL14_F,명동 차내리다
NIA_SL_SEN0636_REAL15_F,명동 차내리다
NIA_SL_SEN0663_REAL01_F,지름길 차내리다 가다
NIA_SL_SEN0663_REAL02_F,지름길 차내리다 가다
NIA_SL_SEN0663_REAL03_F,지름길 차내리다 가다
NIA_SL_SEN0663_REAL04_F,지름길 차내리다 가다
NIA_SL_SEN0663_REAL05_F,지름길 차내리다 가다
NIA_SL_SEN0663_REAL10_F,지름길 차내리다 가다
NIA_SL_SEN0663_REAL11_F,지름길 차내리다 가다
NIA_SL_SEN0663_REAL12_F,지름길 차내리다 가다
NIA_SL_SEN0663_REAL13_F,지름길 차내리다 가다
NIA_SL_SEN0663_REAL14_F,지름길 차내리다 가다
NIA_SL_SEN0663_REAL15_F,지름길 차내리다 가다
NIA_SL_SEN0664_REAL01_F,지름길 차내리다 가다
NIA_SL_SEN0664_REAL02_F,지름길 차내리다 가다
NIA_SL_SEN0664_REAL03_F,지름길 차내리다 가다
NIA_SL_SEN0664_REAL04_F,지름길 차내리다 가다
NIA_SL_SEN0664_REAL05_F,지름길 차내리다 가다
NIA_SL_SEN0664_REAL10_F,지름길 차내리다 가다
NIA_SL_SEN0664_REAL11_F,지름길 차내리다 가다
NIA_SL_SEN0664_REAL12_F,지름길 차내리다 가다
NIA_SL_SEN0664_REAL13_F,지름길 차내리다 가다
NIA_SL_SEN0664_REAL14_F,지름길 차내리다 가다
NIA_SL_SEN0664_REAL15_F,지름길 차내리다 가다
NIA_SL_SEN0670_REAL01_F,지름길 가다 차내리다
NIA_SL_SEN0670_REAL02_F,지름길 가다 차내리다
NIA_SL_SEN0670_REAL03_F,지름길 가다 차내리다
NIA_SL_SEN0670_REAL04_F,지름길 가다 차내리다
NIA_SL_SEN0670_REAL05_F,지름길 가다 차내리다
NIA_SL_SEN0670_REAL10_F,지름길 가다 차내리다
NIA_SL_SEN0670_REAL11_F,지름길 가다 차내리다
NIA_SL_SEN0670_REAL12_F,지름길 가다 차내리다
NIA_SL_SEN0670_REAL13_F,지름길 가다 차내리다
NIA_SL_SEN0670_REAL14_F,지름길 가다 차내리다
NIA_SL_SEN0670_REAL15_F,지름길 가다 차내리다
NIA_SL_SEN0753_REAL01_F,버스 곳 차내리다 맞다
NIA_SL_SEN0753_REAL02_F,버스 곳 차내리다 맞다
NIA_SL_SEN0753_REAL03_F,버스 곳 차내리다 맞다
NIA_SL_SEN0753_REAL04_F,버스 곳 차내리다 맞다
NIA_SL_SEN0753_REAL05_F,버스 곳 차내리다 맞다
NIA_SL_SEN0753_REAL10_F,버스 곳 차내리다 맞다
NIA_SL_SEN0753_REAL11_F,버스 곳 차내리다 맞다
NIA_SL_SEN0753_REAL12_F,버스 곳 차내리다 맞다
NIA_SL_SEN0753_REAL13_F,버스 곳 차내리다 맞다
NIA_SL_SEN0753_REAL14_F,버스 곳 차내리다 맞다
NIA_SL_SEN0753_REAL15_F,버스 곳 차내리다 맞다
NIA_SL_SEN0754_REAL01_F,버스 곳 차내리다 맞다
NIA_SL_SEN0754_REAL02_F,버스 곳 차내리다 맞다
NIA_SL_SEN0754_REAL03_F,버스 곳 차내리다 맞다
NIA_SL_SEN0754_REAL04_F,버스 곳 차내리다 맞다
NIA_SL_SEN0754_REAL05_F,버스 곳 차내리다 맞다
NIA_SL_SEN0754_REAL10_F,버스 곳 차내리다 맞다
NIA_SL_SEN0754_REAL11_F,버스 곳 차내리다 맞다
NIA_SL_SEN0754_REAL12_F,버스 곳 차내리다 맞다
NIA_SL_SEN0754_REAL13_F,버스 곳 차내리다 맞다
NIA_SL_SEN0754_REAL14_F,버스 곳 차내리다 맞다
NIA_SL_SEN0754_REAL15_F,버스 곳 차내리다 맞다
NIA_SL_SEN0757_REAL01_F,버스 곳 차내리다 맞다
NIA_SL_SEN0757_REAL02_F,버스 곳 차내리다 맞다
NIA_SL_SEN0757_REAL03_F,버스 곳 차내리다 맞다
NIA_SL_SEN0757_REAL04_F,버스 곳 차내리다 맞다
NIA_SL_SEN0757_REAL05_F,버스 곳 차내리다 맞다
NIA_SL_SEN0757_REAL10_F,버스 곳 차내리다 맞다
NIA_SL_SEN0757_REAL11_F,버스 곳 차내리다 맞다
NIA_SL_SEN0757_REAL12_F,버스 곳 차내리다 맞다
NIA_SL_SEN0757_REAL13_F,버스 곳 차내리다 맞다
NIA_SL_SEN0757_REAL14_F,버스 곳 차내리다 맞다
NIA_SL_SEN0757_REAL15_F,버스 곳 차내리다 맞다
NIA_SL_SEN0758_REAL01_F,버스 곳 차내리다 맞다
NIA_SL_SEN0758_REAL02_F,버스 곳 차내리다 맞다
NIA_SL_SEN0758_REAL03_F,버스 곳 차내리다 맞다
NIA_SL_SEN0758_REAL04_F,버스 곳 차내리다 맞다
NIA_SL_SEN0758_REAL05_F,버스 곳 차내리다 맞다
NIA_SL_SEN0758_REAL10_F,버스 곳 차내리다 맞다
NIA_SL_SEN0758_REAL11_F,버스 곳 차내리다 맞다
NIA_SL_SEN0758_REAL12_F,버스 곳 차내리다 맞다
NIA_SL_SEN0758_REAL13_F,버스 곳 차내리다 맞다
NIA_SL_SEN0758_REAL14_F,버스 곳 차내리다 맞다
NIA_SL_SEN0758_REAL15_F,버스 곳 차내리다 맞다
NIA_SL_SEN0762_REAL01_F,건너다 차내리다
NIA_SL_SEN0762_REAL02_F,건너다 차내리다
NIA_SL_SEN0762_REAL03_F,건너다 차내리다
NIA_SL_SEN0762_REAL04_F,건너다 차내리다
NIA_SL_SEN0762_REAL05_F,건너다 차내리다
NIA_SL_SEN0762_REAL10_F,건너다 차내리다
NIA_SL_SEN0762_REAL11_F,건너다 차내리다
NIA_SL_SEN0762_REAL12_F,건너다 차내리다
NIA_SL_SEN0762_REAL13_F,건너다 차내리다
NIA_SL_SEN0762_REAL14_F,건너다 차내리다
NIA_SL_SEN0762_REAL15_F,건너다 차내리다
NIA_SL_SEN0763_REAL01_F,건너다 차내리다
NIA_SL_SEN0763_REAL02_F,건너다 차내리다
NIA_SL_SEN0763_REAL03_F,건너다 차내리다
NIA_SL_SEN0763_REAL04_F,건너다 차내리다
NIA_SL_SEN0763_REAL05_F,건너다 차내리다
NIA_SL_SEN0763_REAL10_F,건너다 차내리다
NIA_SL_SEN0763_REAL11_F,건너다 차내리다
NIA_SL_SEN0763_REAL12_F,건너다 차내리다
NIA_SL_SEN0763_REAL13_F,건너다 차내리다
NIA_SL_SEN0763_REAL14_F,건너다 차내리다
NIA_SL_SEN0763_REAL15_F,건너다 차내리다
NIA_SL_SEN0771_REAL01_F,시청 내리다
NIA_SL_SEN0771_REAL02_F,시청 내리다
NIA_SL_SEN0771_REAL03_F,시청 내리다
NIA_SL_SEN0771_REAL04_F,시청 내리다
NIA_SL_SEN0771_REAL05_F,시청 내리다
NIA_SL_SEN0771_REAL10_F,시청 내리다
NIA_SL_SEN0771_REAL11_F,시청 내리다
NIA_SL_SEN0771_REAL12_F,시청 내리다
NIA_SL_SEN0771_REAL13_F,시청 내리다
NIA_SL_SEN0771_REAL14_F,시청 내리다
NIA_SL_SEN0771_REAL15_F,시청 내리다
NIA_SL_SEN0772_REAL01_F,시청 내리다
NIA_SL_SEN0772_REAL02_F,시청 내리다
NIA_SL_SEN0772_REAL03_F,시청 내리다
NIA_SL_SEN0772_REAL04_F,시청 내리다
NIA_SL_SEN0772_REAL05_F,시청 내리다
NIA_SL_SEN0772_REAL10_F,시청 내리다
NIA_SL_SEN0772_REAL11_F,시청 내리다
NIA_SL_SEN0772_REAL12_F,시청 내리다
NIA_SL_SEN0772_REAL13_F,시청 내리다
NIA_SL_SEN0772_REAL14_F,시청 내리다
NIA_SL_SEN0772_REAL15_F,시청 내리다
NIA_SL_SEN0773_REAL01_F,시청 차내리다
NIA_SL_SEN0773_REAL02_F,시청 차내리다
NIA_SL_SEN0773_REAL03_F,시청 차내리다
NIA_SL_SEN0773_REAL04_F,시청 차내리다
NIA_SL_SEN0773_REAL05_F,시청 차내리다
NIA_SL_SEN0773_REAL10_F,시청 차내리다
NIA_SL_SEN0773_REAL11_F,시청 차내리다
NIA_SL_SEN0773_REAL12_F,시청 차내리다
NIA_SL_SEN0773_REAL13_F,시청 차내리다
NIA_SL_SEN0773_REAL14_F,시청 차내리다
NIA_SL_SEN0773_REAL15_F,시청 차내리다
NIA_SL_SEN0774_REAL01_F,시청 차내리다
NIA_SL_SEN0774_REAL02_F,시청 차내리다
NIA_SL_SEN0774_REAL03_F,시청 차내리다
NIA_SL_SEN0774_REAL04_F,시청 차내리다
NIA_SL_SEN0774_REAL05_F,시청 차내리다
NIA_SL_SEN0774_REAL10_F,시청 차내리다
NIA_SL_SEN0774_REAL11_F,시청 차내리다
NIA_SL_SEN0774_REAL12_F,시청 차내리다
NIA_SL_SEN0774_REAL13_F,시청 차내리다
NIA_SL_SEN0774_REAL14_F,시청 차내리다
NIA_SL_SEN0774_REAL15_F,시청 차내리다
NIA_SL_SEN0815_REAL01_F,버스 곳 차내리다 맞다
NIA_SL_SEN0815_REAL02_F,버스 곳 차내리다 맞다
NIA_SL_SEN0815_REAL03_F,버스 곳 차내리다 맞다
NIA_SL_SEN0815_REAL04_F,버스 곳 차내리다 맞다
NIA_SL_SEN0815_REAL05_F,버스 곳 차내리다 맞다
NIA_SL_SEN0815_REAL10_F,버스 곳 차내리다 맞다
NIA_SL_SEN0815_REAL11_F,버스 곳 차내리다 맞다
NIA_SL_SEN0815_REAL12_F,버스 곳 차내리다 맞다
NIA_SL_SEN0815_REAL13_F,버스 곳 차내리다 맞다
NIA_SL_SEN0815_REAL14_F,버스 곳 차내리다 맞다
NIA_SL_SEN0815_REAL15_F,버스 곳 차내리다 맞다
NIA_SL_SEN0816_REAL01_F,버스 곳 차내리다 맞다
NIA_SL_SEN0816_REAL02_F,버스 곳 차내리다 맞다
NIA_SL_SEN0816_REAL03_F,버스 곳 차내리다 맞다
NIA_SL_SEN0816_REAL04_F,버스 곳 차내리다 맞다
NIA_SL_SEN0816_REAL05_F,버스 곳 차내리다 맞다
NIA_SL_SEN0816_REAL10_F,버스 곳 차내리다 맞다
NIA_SL_SEN0816_REAL11_F,버스 곳 차내리다 맞다
NIA_SL_SEN0816_REAL12_F,버스 곳 차내리다 맞다
NIA_SL_SEN0816_REAL13_F,버스 곳 차내리다 맞다
NIA_SL_SEN0816_REAL14_F,버스 곳 차내리다 맞다
NIA_SL_SEN0816_REAL15_F,버스 곳 차내리다 맞다
NIA_SL_SEN0819_REAL01_F,버스 곳 차내리다 맞다
NIA_SL_SEN0819_REAL02_F,버스 곳 차내리다 맞다
NIA_SL_SEN0819_REAL03_F,버스 곳 차내리다 맞다
NIA_SL_SEN0819_REAL04_F,버스 곳 차내리다 맞다
NIA_SL_SEN0819_REAL05_F,버스 곳 차내리다 맞다
NIA_SL_SEN0819_REAL10_F,버스 곳 차내리다 맞다
NIA_SL_SEN0819_REAL11_F,버스 곳 차내리다 맞다
NIA_SL_SEN0819_REAL12_F,버스 곳 차내리다 맞다
NIA_SL_SEN0819_REAL13_F,버스 곳 차내리다 맞다
NIA_SL_SEN0819_REAL14_F,버스 곳 차내리다 맞다
NIA_SL_SEN0819_REAL15_F,버스 곳 차내리다 맞다
NIA_SL_SEN0820_REAL01_F,버스 곳 차내리다 맞다
NIA_SL_SEN0820_REAL02_F,버스 곳 차내리다 맞다
NIA_SL_SEN0820_REAL03_F,버스 곳 차내리다 맞다
NIA_SL_SEN0820_REAL04_F,버스 곳 차내리다 맞다
NIA_SL_SEN0820_REAL05_F,버스 곳 차내리다 맞다
NIA_SL_SEN0820_REAL10_F,버스 곳 차내리다 맞다
NIA_SL_SEN0820_REAL11_F,버스 곳 차내리다 맞다
NIA_SL_SEN0820_REAL12_F,버스 곳 차내리다 맞다
NIA_SL_SEN0820_REAL13_F,버스 곳 차내리다 맞다
NIA_SL_SEN0820_REAL14_F,버스 곳 차내리다 맞다
NIA_SL_SEN0820_REAL15_F,버스 곳 차내리다 맞다
NIA_SL_SEN0824_REAL01_F,건너다 차내리다
NIA_SL_SEN0824_REAL02_F,건너다 차내리다
NIA_SL_SEN0824_REAL03_F,건너다 차내리다
NIA_SL_SEN0824_REAL04_F,건너다 차내리다
NIA_SL_SEN0824_REAL05_F,건너다 차내리다
NIA_SL_SEN0824_REAL10_F,건너다 차내리다
NIA_SL_SEN0824_REAL11_F,건너다 차내리다
NIA_SL_SEN0824_REAL12_F,건너다 차내리다
NIA_SL_SEN0824_REAL13_F,건너다 차내리다
NIA_SL_SEN0824_REAL14_F,건너다 차내리다
NIA_SL_SEN0824_REAL15_F,건너다 차내리다
NIA_SL_SEN0825_REAL01_F,건너다 차내리다
NIA_SL_SEN0825_REAL02_F,건너다 차내리다
NIA_SL_SEN0825_REAL03_F,건너다 차내리다
NIA_SL_SEN0825_REAL04_F,건너다 차내리다
NIA_SL_SEN0825_REAL05_F,건너다 차내리다
NIA_SL_SEN0825_REAL10_F,건너다 차내리다
NIA_SL_SEN0825_REAL11_F,건너다 차내리다
NIA_SL_SEN0825_REAL12_F,건너다 차내리다
NIA_SL_SEN0825_REAL13_F,건너다 차내리다
NIA_SL_SEN0825_REAL14_F,건너다 차내리다
NIA_SL_SEN0825_REAL15_F,건너다 차내리다
NIA_SL_SEN1189_REAL01_F,버스 전 곳 저기 내리다
NIA_SL_SEN1189_REAL02_F,버스 전 곳 저기 내리다
NIA_SL_SEN1189_REAL03_F,버스 전 곳 저기 내리다
NIA_SL_SEN1189_REAL04_F,버스 전 곳 저기 내리다
NIA_SL_SEN1189_REAL05_F,버스 전 곳 저기 내리다
NIA_SL_SEN1189_REAL10_F,버스 전 곳 저기 내리다
NIA_SL_SEN1189_REAL11_F,버스 전 곳 저기 내리다
NIA_SL_SEN1189_REAL12_F,버스 전 곳 저기 내리다
NIA_SL_SEN1189_REAL13_F,버스 전 곳 저기 내리다
NIA_SL_SEN1189_REAL14_F,버스 전 곳 저기 내리다
NIA_SL_SEN1189_REAL15_F,버스 전 곳 저기 내리다
NIA_SL_SEN1190_REAL01_F,버스 전 곳 저기 내리다
NIA_SL_SEN1190_REAL02_F,버스 전 곳 저기 내리다
NIA_SL_SEN1190_REAL03_F,버스 전 곳 저기 내리다
NIA_SL_SEN1190_REAL04_F,버스 전 곳 저기 내리다
NIA_SL_SEN1190_REAL05_F,버스 전 곳 저기 내리다
NIA_SL_SEN1190_REAL10_F,버스 전 곳 저기 내리다
NIA_SL_SEN1190_REAL11_F,버스 전 곳 저기 내리다
NIA_SL_SEN1190_REAL12_F,버스 전 곳 저기 내리다
NIA_SL_SEN1190_REAL13_F,버스 전 곳 저기 내리다
NIA_SL_SEN1190_REAL14_F,버스 전 곳 저기 내리다
NIA_SL_SEN1190_REAL15_F,버스 전 곳 저기 내리다
NIA_SL_SEN1193_REAL01_F,버스 전 곳 저기 도착 내리다
NIA_SL_SEN1193_REAL02_F,버스 전 곳 저기 도착 내리다
NIA_SL_SEN1193_REAL03_F,버스 전 곳 저기 도착 내리다
NIA_SL_SEN1193_REAL04_F,버스 전 곳 저기 도착 내리다
NIA_SL_SEN1193_REAL05_F,버스 전 곳 저기 도착 내리다
NIA_SL_SEN1193_REAL10_F,버스 전 곳 저기 도착 내리다
NIA_SL_SEN1193_REAL11_F,버스 전 곳 저기 도착 내리다
NIA_SL_SEN1193_REAL12_F,버스 전 곳 저기 도착 내리다
NIA_SL_SEN1193_REAL13_F,버스 전 곳 저기 도착 내리다
NIA_SL_SEN1193_REAL14_F,버스 전 곳 저기 도착 내리다
NIA_SL_SEN1193_REAL15_F,버스 전 곳 저기 도착 내리다
NIA_SL_SEN1194_REAL01_F,버스 전 곳 저기 도착 내리다
NIA_SL_SEN1194_REAL02_F,버스 전 곳 저기 도착 내리다
NIA_SL_SEN1194_REAL03_F,버스 전 곳 저기 도착 내리다
NIA_SL_SEN1194_REAL04_F,버스 전 곳 저기 도착 내리다
NIA_SL_SEN1194_REAL05_F,버스 전 곳 저기 도착 내리다
NIA_SL_SEN1194_REAL10_F,버스 전 곳 저기 도착 내리다
NIA_SL_SEN1194_REAL11_F,버스 전 곳 저기 도착 내리다
NIA_SL_SEN1194_REAL12_F,버스 전 곳 저기 도착 내리다
NIA_SL_SEN1194_REAL13_F,버스 전 곳 저기 도착 내리다
NIA_SL_SEN1194_REAL14_F,버스 전 곳 저기 도착 내리다
NIA_SL_SEN1194_REAL15_F,버스 전 곳 저기 도착 내리다
NIA_SL_SEN1199_REAL01_F,버스 곳 전 보다 차내리다
NIA_SL_SEN1199_REAL02_F,버스 곳 전 보다 차내리다
NIA_SL_SEN1199_REAL03_F,버스 곳 전 보다 차내리다
NIA_SL_SEN1199_REAL04_F,버스 곳 전 보다 차내리다
NIA_SL_SEN1199_REAL05_F,버스 곳 전 보다 차내리다
NIA_SL_SEN1199_REAL10_F,버스 곳 전 보다 차내리다
NIA_SL_SEN1199_REAL11_F,버스 곳 전 보다 차내리다
NIA_SL_SEN1199_REAL12_F,버스 곳 전 보다 차내리다
NIA_SL_SEN1199_REAL13_F,버스 곳 전 보다 차내리다
NIA_SL_SEN1199_REAL14_F,버스 곳 전 보다 차내리다
NIA_SL_SEN1199_REAL15_F,버스 곳 전 보다 차내리다
NIA_SL_SEN1200_REAL01_F,버스 곳 전 보다 차내리다
NIA_SL_SEN1200_REAL02_F,버스 곳 전 보다 차내리다
NIA_SL_SEN1200_REAL03_F,버스 곳 전 보다 차내리다
NIA_SL_SEN1200_REAL04_F,버스 곳 전 보다 차내리다
NIA_SL_SEN1200_REAL05_F,버스 곳 전 보다 차내리다
NIA_SL_SEN1200_REAL10_F,버스 곳 전 보다 차내리다
NIA_SL_SEN1200_REAL11_F,버스 곳 전 보다 차내리다
NIA_SL_SEN1200_REAL12_F,버스 곳 전 보다 차내리다
NIA_SL_SEN1200_REAL13_F,버스 곳 전 보다 차내리다
NIA_SL_SEN1200_REAL14_F,버스 곳 전 보다 차내리다
NIA_SL_SEN1200_REAL15_F,버스 곳 전 보다 차내리다
NIA_SL_SEN1203_REAL01_F,버스 전 곳 보다 차내리다
NIA_SL_SEN1203_REAL02_F,버스 전 곳 보다 차내리다
NIA_SL_SEN1203_REAL03_F,버스 전 곳 보다 차내리다
NIA_SL_SEN1203_REAL04_F,버스 전 곳 보다 차내리다
NIA_SL_SEN1203_REAL05_F,버스 전 곳 보다 차내리다
NIA_SL_SEN1203_REAL10_F,버스 전 곳 보다 차내리다
NIA_SL_SEN1203_REAL11_F,버스 전 곳 보다 차내리다
NIA_SL_SEN1203_REAL12_F,버스 전 곳 보다 차내리다
NIA_SL_SEN1203_REAL13_F,버스 전 곳 보다 차내리다
NIA_SL_SEN1203_REAL14_F,버스 전 곳 보다 차내리다
NIA_SL_SEN1203_REAL15_F,버스 전 곳 보다 차내리다
NIA_SL_SEN1204_REAL01_F,버스 전 곳 보다 차내리다
NIA_SL_SEN1204_REAL02_F,버스 전 곳 보다 차내리다
NIA_SL_SEN1204_REAL03_F,버스 전 곳 보다 차내리다
NIA_SL_SEN1204_REAL04_F,버스 전 곳 보다 차내리다
NIA_SL_SEN1204_REAL05_F,버스 전 곳 보다 차내리다
NIA_SL_SEN1204_REAL10_F,버스 전 곳 보다 차내리다
NIA_SL_SEN1204_REAL11_F,버스 전 곳 보다 차내리다
NIA_SL_SEN1204_REAL12_F,버스 전 곳 보다 차내리다
NIA_SL_SEN1204_REAL13_F,버스 전 곳 보다 차내리다
NIA_SL_SEN1204_REAL14_F,버스 전 곳 보다 차내리다
NIA_SL_SEN1204_REAL15_F,버스 전 곳 보다 차내리다
NIA_SL_SEN1364_REAL01_F,송파 지하철 곳 방법 무엇
NIA_SL_SEN1364_REAL02_F,송파 지하철 곳 방법 무엇
NIA_SL_SEN1364_REAL03_F,송파 지하철 곳 방법 무엇
NIA_SL_SEN1364_REAL04_F,송파 지하철 곳 방법 무엇
NIA_SL_SEN1364_REAL05_F,송파 지하철 곳 방법 무엇
NIA_SL_SEN1364_REAL10_F,송파 지하철 곳 방법 무엇
NIA_SL_SEN1364_REAL11_F,송파 지하철 곳 방법 무엇
NIA_SL_SEN1364_REAL12_F,송파 지하철 곳 방법 무엇
NIA_SL_SEN1364_REAL13_F,송파 지하철 곳 방법 무엇
NIA_SL_SEN1364_REAL14_F,송파 지하철 곳 방법 무엇
NIA_SL_SEN1364_REAL15_F,송파 지하철 곳 방법 무엇
NIA_SL_SEN1366_REAL01_F,송파 지하철 목적 방법 무엇
NIA_SL_SEN1366_REAL02_F,송파 지하철 목적 방법 무엇
NIA_SL_SEN1366_REAL03_F,송파 지하철 목적 방법 무엇
NIA_SL_SEN1366_REAL04_F,송파 지하철 목적 방법 무엇
NIA_SL_SEN1366_REAL05_F,송파 지하철 목적 방법 무엇
NIA_SL_SEN1366_REAL10_F,송파 지하철 목적 방법 무엇
NIA_SL_SEN1366_REAL11_F,송파 지하철 목적 방법 무엇
NIA_SL_SEN1366_REAL12_F,송파 지하철 목적 방법 무엇
NIA_SL_SEN1366_REAL13_F,송파 지하철 목적 방법 무엇
NIA_SL_SEN1366_REAL14_F,송파 지하철 목적 방법 무엇
NIA_SL_SEN1366_REAL15_F,송파 지하철 목적 방법 무엇
NIA_SL_SEN1369_REAL01_F,송파 지하철 찾다 방법 무엇
NIA_SL_SEN1369_REAL02_F,송파 지하철 찾다 방법 무엇
NIA_SL_SEN1369_REAL03_F,송파 지하철 찾다 방법 무엇
NIA_SL_SEN1369_REAL04_F,송파 지하철 찾다 방법 무엇
NIA_SL_SEN1369_REAL05_F,송파 지하철 찾다 방법 무엇
NIA_SL_SEN1369_REAL10_F,송파 지하철 찾다 방법 무엇
NIA_SL_SEN1369_REAL11_F,송파 지하철 찾다 방법 무엇
NIA_SL_SEN1369_REAL12_F,송파 지하철 찾다 방법 무엇
NIA_SL_SEN1369_REAL13_F,송파 지하철 찾다 방법 무엇
NIA_SL_SEN1369_REAL14_F,송파 지하철 찾다 방법 무엇
NIA_SL_SEN1369_REAL15_F,송파 지하철 찾다 방법 무엇
NIA_SL_SEN1370_REAL01_F,송파 지하철 곳 무엇 방법
NIA_SL_SEN1370_REAL02_F,송파 지하철 곳 무엇 방법
NIA_SL_SEN1370_REAL03_F,송파 지하철 곳 무엇 방법
NIA_SL_SEN1370_REAL04_F,송파 지하철 곳 무엇 방법
NIA_SL_SEN1370_REAL05_F,송파 지하철 곳 무엇 방법
NIA_SL_SEN1370_REAL10_F,송파 지하철 곳 무엇 방법
NIA_SL_SEN1370_REAL11_F,송파 지하철 곳 무엇 방법
NIA_SL_SEN1370_REAL12_F,송파 지하철 곳 무엇 방법
NIA_SL_SEN1370_REAL13_F,송파 지하철 곳 무엇 방법
NIA_SL_SEN1370_REAL14_F,송파 지하철 곳 무엇 방법
NIA_SL_SEN1370_REAL15_F,송파 지하철 곳 무엇 방법
NIA_SL_SEN1372_REAL01_F,송파 지하철 목적 무엇 방법
NIA_SL_SEN1372_REAL02_F,송파 지하철 목적 무엇 방법
NIA_SL_SEN1372_REAL03_F,송파 지하철 목적 무엇 방법
NIA_SL_SEN1372_REAL04_F,송파 지하철 목적 무엇 방법
NIA_SL_SEN1372_REAL05_F,송파 지하철 목적 무엇 방법
NIA_SL_SEN1372_REAL10_F,송파 지하철 목적 무엇 방법
NIA_SL_SEN1372_REAL11_F,송파 지하철 목적 무엇 방법
NIA_SL_SEN1372_REAL12_F,송파 지하철 목적 무엇 방법
NIA_SL_SEN1372_REAL13_F,송파 지하철 목적 무엇 방법
NIA_SL_SEN1372_REAL14_F,송파 지하철 목적 무엇 방법
NIA_SL_SEN1372_REAL15_F,송파 지하철 목적 무엇 방법
NIA_SL_SEN1377_REAL01_F,송파 지하철 곳 목적 무엇
NIA_SL_SEN1377_REAL02_F,송파 지하철 곳 목적 무엇
NIA_SL_SEN1377_REAL03_F,송파 지하철 곳 목적 무엇
NIA_SL_SEN1377_REAL04_F,송파 지하철 곳 목적 무엇
NIA_SL_SEN1377_REAL05_F,송파 지하철 곳 목적 무엇
NIA_SL_SEN1377_REAL10_F,송파 지하철 곳 목적 무엇
NIA_SL_SEN1377_REAL11_F,송파 지하철 곳 목적 무엇
NIA_SL_SEN1377_REAL12_F,송파 지하철 곳 목적 무엇
NIA_SL_SEN1377_REAL13_F,송파 지하철 곳 목적 무엇
NIA_SL_SEN1377_REAL14_F,송파 지하철 곳 목적 무엇
NIA_SL_SEN1377_REAL15_F,송파 지하철 곳 목적 무엇
NIA_SL_SEN1380_REAL01_F,송파 지하철 찾다 목적 무엇
NIA_SL_SEN1380_REAL02_F,송파 지하철 찾다 목적 무엇
NIA_SL_SEN1380_REAL03_F,송파 지하철 찾다 목적 무엇
NIA_SL_SEN1380_REAL04_F,송파 지하철 찾다 목적 무엇
NIA_SL_SEN1380_REAL05_F,송파 지하철 찾다 목적 무엇
NIA_SL_SEN1380_REAL10_F,송파 지하철 찾다 목적 무엇
NIA_SL_SEN1380_REAL11_F,송파 지하철 찾다 목적 무엇
NIA_SL_SEN1380_REAL12_F,송파 지하철 찾다 목적 무엇
NIA_SL_SEN1380_REAL13_F,송파 지하철 찾다 목적 무엇
NIA_SL_SEN1380_REAL14_F,송파 지하철 찾다 목적 무엇
NIA_SL_SEN1380_REAL15_F,송파 지하철 찾다 목적 무엇
NIA_SL_SEN1382_REAL01_F,송파 지하철 길 목적 방법
NIA_SL_SEN1382_REAL02_F,송파 지하철 길 목적 방법
NIA_SL_SEN1382_REAL03_F,송파 지하철 길 목적 방법
NIA_SL_SEN1382_REAL04_F,송파 지하철 길 목적 방법
NIA_SL_SEN1382_REAL05_F,송파 지하철 길 목적 방법
NIA_SL_SEN1382_REAL10_F,송파 지하철 길 목적 방법
NIA_SL_SEN1382_REAL11_F,송파 지하철 길 목적 방법
NIA_SL_SEN1382_REAL12_F,송파 지하철 길 목적 방법
NIA_SL_SEN1382_REAL13_F,송파 지하철 길 목적 방법
NIA_SL_SEN1382_REAL14_F,송파 지하철 길 목적 방법
NIA_SL_SEN1382_REAL15_F,송파 지하철 길 목적 방법
